date;time;air_temperature;rel_humidity;precipitation;wind_speed;wind_direction;radiation;radiation_short
09/23/2022;12:00 AM;10.54;100;0;0;160.12;0;0
09/23/2022;1:00 AM;10.14;100;0;0;187.74;0;0
09/23/2022;2:00 AM;10.45;100;0;1.29;205.51;0;0
09/23/2022;3:00 AM;10.74;100;0;1.54;208.42;0;0
09/23/2022;4:00 AM;10.48;100;0;1.18;214.84;0;0
09/23/2022;5:00 AM;9.66;100;0;0.77;198.47;0;0
09/23/2022;6:00 AM;8.86;100;0;0.92;190.2;0;0
09/23/2022;7:00 AM;9.3;100;0;0;163.2;0;0
09/23/2022;8:00 AM;9.56;100;0;0.43;193.46;0.01;61.5
09/23/2022;9:00 AM;10.04;100;0;1.05;194.69;2.4;229.5
09/23/2022;10:00 AM;10.61;100;0;1.76;197.69;18.18;430.5
09/23/2022;11:00 AM;12.05;100;0;1.87;196.01;45.86;597.5
09/23/2022;12:00 PM;13.48;97.35;0;2.25;207.98;57.07;723.5
09/23/2022;1:00 PM;15.1;88.3;0;2.05;203.93;62.97;803.5
09/23/2022;2:00 PM;16.83;72.09;0;;234.81;;834.5
09/23/2022;3:00 PM;17.06;70.58;0;;234.1;;808
09/23/2022;4:00 PM;17.48;71.2;0;;231.11;;720.5
09/23/2022;5:00 PM;17.44;71.6;0;;227.15;;589.5
09/23/2022;6:00 PM;17.55;84.71;0;2.48;220.47;21.47;418.5
09/23/2022;7:00 PM;16.4;98.13;0;1.85;210.44;16.25;216.5
09/23/2022;8:00 PM;15.29;100;0.4;1.66;210.09;8.31;55.5
09/23/2022;9:00 PM;14.5;100;0;2.61;240.71;1.15;0
09/23/2022;10:00 PM;13.77;100;0.2;1.78;249.06;0;0
09/23/2022;11:00 PM;13.26;100;0.2;1.85;221.53;0;0
09/24/2022;12:00 AM;13.12;100;0;1.84;227.95;0;0
09/24/2022;1:00 AM;13;100;0.2;2.11;212.64;0;0
09/24/2022;2:00 AM;12.81;100;0.4;2.81;236.48;0;0
09/24/2022;3:00 AM;12.74;100;0.4;2.77;196.72;0;0
09/24/2022;4:00 AM;12.85;100;0.6;3.18;231.12;0;0
09/24/2022;5:00 AM;12.67;100;0.2;2.68;236.48;0;0
09/24/2022;6:00 AM;12.59;100;0.2;2.09;217.57;0;0
09/24/2022;7:00 AM;12.52;100;0.4;2.93;227.95;0;0
09/24/2022;8:00 AM;12.56;100;0;3.1;234.02;0;61
09/24/2022;9:00 AM;12.53;100;1.6;3.69;227.51;0.65;231
09/24/2022;10:00 AM;12.67;100;0.6;2.63;227.95;8.43;436
09/24/2022;11:00 AM;13.15;100;0;3.26;243.17;22.7;611
09/24/2022;12:00 PM;13.61;100;1;2.04;265.51;22.21;745.5
09/24/2022;1:00 PM;13.97;100;0.4;1.33;274.75;23.13;828
09/24/2022;2:00 PM;14.87;100;0;3.07;336.34;52.08;851
09/24/2022;3:00 PM;14.61;100;0.2;2.71;326.22;56.88;814.5
09/24/2022;4:00 PM;15.32;100;0.2;3.09;194.87;49.42;727
09/24/2022;5:00 PM;14.96;100;0;3.71;181.67;24.85;594
09/24/2022;6:00 PM;15.16;100;0;2.8;261.38;30.83;420
09/24/2022;7:00 PM;15.23;100;0;3.53;175.42;33.88;216
09/24/2022;8:00 PM;15.09;100;0;3.31;17.07;19.76;54
09/24/2022;9:00 PM;14.56;100;0;3.22;354.28;2.28;0
09/24/2022;10:00 PM;14.16;100;0;2.27;108.3;0.01;0
09/24/2022;11:00 PM;13.81;100;0;2.09;105.93;0;0
09/25/2022;12:00 AM;13.15;100;0;2.1;175.16;0;0
09/25/2022;1:00 AM;12.22;100;0;1.78;332.02;0;0
09/25/2022;2:00 AM;11.86;100;0;1.76;250.38;0;0
09/25/2022;3:00 AM;11.65;100;0;1.68;239.39;0;0
09/25/2022;4:00 AM;11.07;100;0;1.83;247.04;0;0
09/25/2022;5:00 AM;10.54;100;0;1.08;327.98;0;0
09/25/2022;6:00 AM;9.56;100;0;0.72;296.66;0;0
09/25/2022;7:00 AM;9.06;100;0;0.47;159.07;0;0
09/25/2022;8:00 AM;9.1;100;0;0.72;317.51;0;59
09/25/2022;9:00 AM;8.53;100;0;0.87;222.14;4.45;227
09/25/2022;10:00 AM;8.61;100;0;1.15;222.67;18.08;434
09/25/2022;11:00 AM;10.75;100;0;1.29;245.11;33.02;612
09/25/2022;12:00 PM;12.98;99.06;0;1.74;217.48;13.72;749
09/25/2022;1:00 PM;14.31;89.1;0;;326.22;;835.5
09/25/2022;2:00 PM;15.55;80.16;0;;319.44;;865
09/25/2022;3:00 PM;16.67;72.22;0;;232.97;;834
09/25/2022;4:00 PM;17.08;71.18;0;;319.97;;745
09/25/2022;5:00 PM;15.12;82.24;0.2;2.45;323.4;5.95;605
09/25/2022;6:00 PM;16.01;81.2;0;2.29;319.35;65.23;423.5
09/25/2022;7:00 PM;16.12;81.47;0;2.2;294.11;72.93;214
09/25/2022;8:00 PM;15.11;84.83;0;1.84;310.56;11.05;52
09/25/2022;9:00 PM;14.19;92.17;0;1.82;308.8;1.35;0
09/25/2022;10:00 PM;13.12;99.47;0;1.07;255.22;0;0
09/25/2022;11:00 PM;12.41;100;0;1.33;253.64;0;0
09/26/2022;12:00 AM;11.54;100;0;1.43;247.13;0;0
09/26/2022;1:00 AM;10.81;100;0;1.4;229.53;0;0
09/26/2022;2:00 AM;11.17;100;0;2.76;203.58;0;0
09/26/2022;3:00 AM;11.16;100;0;2.44;194.6;0;0
09/26/2022;4:00 AM;11.28;99.3;0;2.72;222.67;0;0
09/26/2022;5:00 AM;11.16;100;0;2.84;213.43;0;0
09/26/2022;6:00 AM;11.02;100;0;2.52;210;0;0
09/26/2022;7:00 AM;11.07;100;0;3.44;210.53;0;0
09/26/2022;8:00 AM;11.37;100;0;5.02;196.98;0;59
09/26/2022;9:00 AM;11.36;100;0;5.03;195.66;1.16;228
09/26/2022;10:00 AM;11.63;100;0;4.6;210.53;7.16;436.5
09/26/2022;11:00 AM;12.11;100;0;5.84;215.98;15.73;615
09/26/2022;12:00 PM;12.38;100;0;4.82;202.87;24.62;751.5
09/26/2022;1:00 PM;11.94;100;1.2;5.44;221.09;35.67;836
09/26/2022;2:00 PM;11.66;100;1.2;5.68;200.94;41.02;862.5
09/26/2022;3:00 PM;12.08;100;0.4;4.81;217.66;37.43;829.5
09/26/2022;4:00 PM;12.02;100;1.2;4.97;201.91;32.26;739.5
09/26/2022;5:00 PM;12.33;100;1.8;2.82;233.58;44.91;599
09/26/2022;6:00 PM;12.8;100;0.4;2.66;219.5;44.41;417.5
09/26/2022;7:00 PM;13.86;100;0;2.49;246.42;58.29;208
09/26/2022;8:00 PM;11.91;100;0.6;1.13;224.43;15.11;49
09/26/2022;9:00 PM;11.2;100;0;1.91;264.9;0.98;0
09/26/2022;10:00 PM;10.76;100;0.2;1.69;232.96;0;0
09/26/2022;11:00 PM;10.91;100;1;0.93;224.61;0;0
09/27/2022;12:00 AM;10.4;100;0.6;2.08;290.33;0;0
09/27/2022;1:00 AM;10.21;100;1.2;1.92;280.73;0;0
09/27/2022;2:00 AM;9.85;100;1.6;1.41;238.68;0;0
09/27/2022;3:00 AM;9.65;100;0;1.2;218.36;0;0
09/27/2022;4:00 AM;9.58;100;0.8;1.42;238.51;0;0
09/27/2022;5:00 AM;9.27;100;1;1.59;202.43;0;0
09/27/2022;6:00 AM;9.19;100;0.8;1.12;216.95;0;0
09/27/2022;7:00 AM;9.09;100;0.4;2.54;215.1;0;0
09/27/2022;8:00 AM;8.63;100;0.2;2.72;229.62;0;57
09/27/2022;9:00 AM;8.5;100;0;2.68;230.67;2.08;224
09/27/2022;10:00 AM;8.73;100;0.8;2.82;227.42;18.84;432
09/27/2022;11:00 AM;8.84;100;0.4;3.35;238.07;18.94;609.5
09/27/2022;12:00 PM;9.27;100;0;2.86;244.58;41.97;745
09/27/2022;1:00 PM;10.46;98.3;0;;275.1;;829
09/27/2022;2:00 PM;10.11;92.47;0.2;;243.6;;855
09/27/2022;3:00 PM;11.11;90.33;1.6;;211.32;;822
09/27/2022;4:00 PM;11.37;99.71;0;3.47;237.54;61.93;733
09/27/2022;5:00 PM;12.08;92.29;0.2;2.31;235.78;74.49;592.5
09/27/2022;6:00 PM;11;100;1.4;3.24;230.94;47.85;410.5
09/27/2022;7:00 PM;12.18;100;0;2.18;243.61;60.32;201.5
09/27/2022;8:00 PM;11.58;100;1.8;1.09;235.77;4.2;46
09/27/2022;9:00 PM;9.88;100;2.4;1.97;256.98;0.15;0
09/27/2022;10:00 PM;8.88;100;0;1.36;200.15;0;0
09/27/2022;11:00 PM;9.29;100;0.6;1.39;221.88;0;0
09/28/2022;12:00 AM;9.5;100;0;2.08;228.56;0;0
09/28/2022;1:00 AM;9.55;100;0.6;1.66;251;0;0
09/28/2022;2:00 AM;9;100;0;2.22;223.64;0;0
09/28/2022;3:00 AM;8.67;100;0.4;2.37;231.99;0;0
09/28/2022;4:00 AM;8.77;100;1.6;1.23;249.15;0;0
09/28/2022;5:00 AM;8.52;100;0.4;1.16;243.43;0;0
09/28/2022;6:00 AM;7.99;100;0;0.82;293.32;0;0
09/28/2022;7:00 AM;7.44;100;0;1.57;254.52;0;0
09/28/2022;8:00 AM;6.93;100;0;1.78;220.83;0;56
09/28/2022;9:00 AM;6.85;100;0;1.9;203.93;1.71;222
09/28/2022;10:00 AM;7.29;100;0;1.94;220.82;11.65;430.5
09/28/2022;11:00 AM;8.9;100;0;2.71;228.83;56.98;609
09/28/2022;12:00 PM;10.35;99.9;0;;274.66;;744
09/28/2022;1:00 PM;11.76;93.42;0;;278.8;;826.5
09/28/2022;2:00 PM;13.36;79.37;0;;285.75;;850
09/28/2022;3:00 PM;14.21;71.58;0;;298.5;;814
09/28/2022;4:00 PM;13.2;80.59;1.2;;291.29;;723
09/28/2022;5:00 PM;12.58;84.09;0.2;;315.49;;582.5
09/28/2022;6:00 PM;13.95;75.93;0;2.47;324.2;38.71;403
09/28/2022;7:00 PM;14.44;71.41;0;2.64;263.93;66.02;196
09/28/2022;8:00 PM;12.98;82.38;0;1.57;259.88;17.51;43.5
09/28/2022;9:00 PM;11.18;94.12;0;1.02;259.44;1.46;0
09/28/2022;10:00 PM;9.13;100;0;0.36;222.58;0;0
09/28/2022;11:00 PM;7.84;100;0;0.69;193.2;0;0
09/29/2022;12:00 AM;7.38;100;0;1.16;211.32;0;0
09/29/2022;1:00 AM;7.35;100;0;1.25;174.72;0;0
09/29/2022;2:00 AM;7.43;100;0;1.56;184.4;0;0
09/29/2022;3:00 AM;7.61;100;0;1.88;184.67;0;0
09/29/2022;4:00 AM;8.08;100;0;1.57;203.49;0;0
09/29/2022;5:00 AM;7.73;100;0;1.49;207.01;0;0
09/29/2022;6:00 AM;7.79;100;0;1.39;214.49;0;0
09/29/2022;7:00 AM;7.11;100;0;1.2;223.64;0;0
09/29/2022;8:00 AM;6.89;100;0;1.02;223.99;0;54
09/29/2022;9:00 AM;6.85;100;0;0.91;228.04;2.53;217
09/29/2022;10:00 AM;6.92;100;0;0.65;210.35;14.59;423
09/29/2022;11:00 AM;8.58;100;0;1.52;197.16;12.37;599
09/29/2022;12:00 PM;12.05;88.43;0;;217.92;;734
09/29/2022;1:00 PM;13.51;78.4;0;;205.78;;816.5
09/29/2022;2:00 PM;14.19;74.07;0;;315.13;;841
09/29/2022;3:00 PM;14.77;73.18;0;2.13;268.06;3.82;807.5
09/29/2022;4:00 PM;13.23;85.78;0;2.04;248.8;23.9;719
09/29/2022;5:00 PM;11.4;88.97;0;;242.82;;580.5
09/29/2022;6:00 PM;12.78;83.38;0;;336.42;;400
09/29/2022;7:00 PM;13.27;100;0;1.21;232.26;46.28;191.5
09/29/2022;8:00 PM;12.88;99.09;0;0.88;258.48;16.49;41
09/29/2022;9:00 PM;11.08;100;0;0.22;219.5;1.06;0
09/29/2022;10:00 PM;9.77;100;0;0.19;205.78;0;0
09/29/2022;11:00 PM;9.01;100;0;0;220.82;0;0
09/30/2022;12:00 AM;8.42;100;0;0;241.58;0;0
09/30/2022;1:00 AM;8.05;100;0;0;256.19;0;0
09/30/2022;2:00 AM;7.52;100;0;0.98;238.95;0;0
09/30/2022;3:00 AM;7.09;100;0;0;222.49;0;0
09/30/2022;4:00 AM;6.69;100;0;0;195.83;0;0
09/30/2022;5:00 AM;6.84;100;0;0.3;217.22;0;0
09/30/2022;6:00 AM;6.97;100;0;1.36;205.51;0;0
09/30/2022;7:00 AM;6.78;100;0;1.42;232.43;0;0
09/30/2022;8:00 AM;6.42;100;0;1.43;236.74;0;53
09/30/2022;9:00 AM;6.49;100;0;1.53;223.11;6.58;216
09/30/2022;10:00 AM;7.36;100;0;2.01;212.99;10.18;423.5
09/30/2022;11:00 AM;9.78;100;0;2.09;183.52;59.15;601
09/30/2022;12:00 PM;12.37;90.8;0;;234.2;;736.5
09/30/2022;1:00 PM;13.85;85.11;0;;242.55;;820
09/30/2022;2:00 PM;14.95;81.85;0;;238.42;;845.5
09/30/2022;3:00 PM;16.14;76.24;0;;230.41;;810.5
09/30/2022;4:00 PM;16.22;72.55;0;;219.94;;719
09/30/2022;5:00 PM;16.5;65.96;0;;223.55;;578
09/30/2022;6:00 PM;16.38;64.93;0;;230.5;;396.5
09/30/2022;7:00 PM;15.85;66.69;0;5.15;236.65;12.95;187
09/30/2022;8:00 PM;15.02;74.27;0;3.19;200.23;11.29;38.5
09/30/2022;9:00 PM;14.17;79.13;0;3.2;194.52;0.22;0
09/30/2022;10:00 PM;13.82;81.66;0;3.15;199.7;0;0
09/30/2022;11:00 PM;13.97;79.75;0;4.9;212.9;0;0
10/01/2022;12:00 AM;12.69;95.86;1;3.9;213.17;0;0
10/01/2022;1:00 AM;11.64;100;2;6.24;200.94;0;0
10/01/2022;2:00 AM;11.24;100;3;5.05;188.09;0;0
10/01/2022;3:00 AM;11.13;100;1.2;5.29;185.28;0;0
10/01/2022;4:00 AM;11.45;100;0.2;5.96;203.14;0;0
10/01/2022;5:00 AM;12.01;100;0.2;5.81;203.32;0;0
10/01/2022;6:00 AM;12.55;100;0.2;5.11;197.07;0;0
10/01/2022;7:00 AM;13.23;100;0;5.42;213.26;0;0
10/01/2022;8:00 AM;13.47;100;0;3.43;215.72;0;51
10/01/2022;9:00 AM;13.63;100;0;4.05;204.11;0.91;212
10/01/2022;10:00 AM;14.12;100;0;3.19;210.7;11.24;420
10/01/2022;11:00 AM;14.94;100;0;3.87;249.67;19.19;597.5
10/01/2022;12:00 PM;15.22;98.39;0;;281;;732
10/01/2022;1:00 PM;15.89;90.33;0;;282.14;;815
10/01/2022;2:00 PM;17.12;83.51;0;;281.61;;840.5
10/01/2022;3:00 PM;17.13;78.63;0;;295.69;;805.5
10/01/2022;4:00 PM;17.22;75.62;0;;307.13;;714
10/01/2022;5:00 PM;18.21;71.42;0;;289.97;;572.5
10/01/2022;6:00 PM;17.73;70.38;0;;296.75;;390
10/01/2022;7:00 PM;17.39;79.11;0;2.24;250.73;16.82;179.5
10/01/2022;8:00 PM;17.09;83.66;0;2.86;242.64;21.47;34.5
10/01/2022;9:00 PM;15.97;91.23;0;2.86;237.54;0.73;0
10/01/2022;10:00 PM;15.16;99.2;0;2.53;244.84;0;0
10/01/2022;11:00 PM;14.96;100;0;3.21;227.51;0;0
10/02/2022;12:00 AM;15.03;100;0;3.64;229.27;0;0
10/02/2022;1:00 AM;14.91;100;0;3.12;204.9;0;0
10/02/2022;2:00 AM;14.73;100;0;2.9;223.2;0;0
10/02/2022;3:00 AM;14.97;100;0;2.89;212.73;0;0
10/02/2022;4:00 AM;15.02;100;1;3.78;234.9;0;0
10/02/2022;5:00 AM;15.03;100;0;4.05;230.24;0;0
10/02/2022;6:00 AM;14.62;100;0.2;3.42;234.2;0;0
10/02/2022;7:00 AM;14.24;100;0;2.89;241.14;0;0
10/02/2022;8:00 AM;13.71;100;1;3.4;251.08;0;50
10/02/2022;9:00 AM;13.48;100;0.6;2.93;248.71;0.37;209.5
10/02/2022;10:00 AM;13.3;100;0.2;2.88;242.38;5.45;417
10/02/2022;11:00 AM;13.29;100;0;2.8;215.72;18.87;594.5
10/02/2022;12:00 PM;13.45;100;0;2.72;240.18;21.88;728.5
10/02/2022;1:00 PM;13.54;100;0;2.55;247.83;26.23;810
10/02/2022;2:00 PM;13.9;100;0;2.57;237.8;50.3;834
10/02/2022;3:00 PM;14.38;100;0;3.05;231.47;65.16;798
10/02/2022;4:00 PM;14.72;100;0;2.81;237.36;69.89;705.5
10/02/2022;5:00 PM;14.69;100;0;2.67;258.74;16.93;564
10/02/2022;6:00 PM;15.43;98.91;0;;312.05;;381.5
10/02/2022;7:00 PM;16.02;91.16;0;;242.64;;172.5
10/02/2022;8:00 PM;15.97;89.03;0;2.34;330.88;15.81;32
10/02/2022;9:00 PM;13.98;98.85;0;0.81;300.18;1.21;0
10/02/2022;10:00 PM;11.65;100;0;0.16;248.53;0;0
10/02/2022;11:00 PM;10.63;100;0;0.14;260.94;0;0
10/03/2022;12:00 AM;9.88;100;0;0.26;251.17;0;0
10/03/2022;1:00 AM;9.33;100;0;0;209.12;0;0
10/03/2022;2:00 AM;9.14;100;0;1.38;240.35;0;0
10/03/2022;3:00 AM;8.71;100;0;0.97;227.95;0;0
10/03/2022;4:00 AM;8.7;100;0;1.46;235.69;0;0
10/03/2022;5:00 AM;8.01;100;0;1.1;230.24;0;0
10/03/2022;6:00 AM;7.72;100;0;0.64;225.66;0;0
10/03/2022;7:00 AM;7.55;100;0;0.9;241.94;0;0
10/03/2022;8:00 AM;7.21;100;0;1.05;245.45;0;48
10/03/2022;9:00 AM;7.38;100;0;1.19;225.66;1.39;205.5
10/03/2022;10:00 AM;7.88;100;0;1.07;221.88;13.38;411
10/03/2022;11:00 AM;11.1;100;0;1.12;275.01;4.38;585.5
10/03/2022;12:00 PM;13.1;96.46;0;;264.9;;716.5
10/03/2022;1:00 PM;14.72;89.07;0;;267.1;;793.5
10/03/2022;2:00 PM;14.98;89.2;0;;240.35;;807.5
10/03/2022;3:00 PM;16.41;80.36;0;;219.68;;752.5
10/03/2022;4:00 PM;16.6;76.37;0;;184.14;;633
10/03/2022;5:00 PM;16.57;80.77;0;2.14;163.64;87.51;459
10/03/2022;6:00 PM;17.05;81.66;0;2.29;194.69;116.24;275.5
10/03/2022;7:00 PM;16.54;83.8;0;2.11;179.56;45.35;112
10/03/2022;8:00 PM;14.56;97.63;0;0.97;175.78;10.65;16.5
10/03/2022;9:00 PM;12.82;100;0;0.53;173.58;0.32;0
10/03/2022;10:00 PM;13.11;100;0;0.6;213.79;0;0
10/03/2022;11:00 PM;11.82;100;0;0.61;183.34;0;0
10/04/2022;12:00 AM;11.38;100;0;1.34;222.14;0;0
10/04/2022;1:00 AM;10.28;100;0;1.05;189.06;0;0
10/04/2022;2:00 AM;10.4;100;0;0.6;207.36;0;0
10/04/2022;3:00 AM;9.37;100;0;0.41;181.5;0;0
10/04/2022;4:00 AM;8.94;100;0;0.51;130.12;0;0
10/04/2022;5:00 AM;9;100;0;0.43;193.11;0;0
10/04/2022;6:00 AM;8.94;100;0;0.13;211.94;0;0
10/04/2022;7:00 AM;8.88;100;0;1.99;166.27;0;0
10/04/2022;8:00 AM;8.57;100;0;1.47;195.13;0;30
10/04/2022;9:00 AM;8.38;100;0;1.45;226.98;0.74;131.5
10/04/2022;10:00 AM;8.41;100;0;1.13;188.1;15.9;265
10/04/2022;11:00 AM;10.47;100;0;2.34;190.73;64.09;392.5
10/04/2022;12:00 PM;11.89;99.33;0;;215.1;;512.5
10/04/2022;1:00 PM;13.59;93.9;0;;231.2;;603
10/04/2022;2:00 PM;14.97;89.65;0;;246.16;;639
10/04/2022;3:00 PM;16.53;85.48;0;;225.84;;621.5
10/04/2022;4:00 PM;17.63;83.61;0;;211.06;;547.5
10/04/2022;5:00 PM;17.97;81.7;0;;218.71;;423.5
10/04/2022;6:00 PM;18.28;88.91;0;3.08;194.6;63.94;277
10/04/2022;7:00 PM;17.75;94.34;0;3.04;215.81;36.71;118.5
10/04/2022;8:00 PM;17.02;99.01;0;2.09;199.71;7.5;19.5
10/04/2022;9:00 PM;16.33;100;0;1.92;185.55;0.09;0
10/04/2022;10:00 PM;15.85;100;0;2.46;186.6;0;0
10/04/2022;11:00 PM;15.46;100;0;1.67;191.7;0;0
10/05/2022;12:00 AM;15.37;100;0;1.52;206.48;0;0
10/05/2022;1:00 AM;15.54;100;0;2.25;215.63;0;0
10/05/2022;2:00 AM;15.18;100;0;1.87;188.36;0;0
10/05/2022;3:00 AM;15.09;100;0;2.59;196.98;0;0
10/05/2022;4:00 AM;15.18;100;0;2.71;221.44;0;0
10/05/2022;5:00 AM;15.25;100;0;3.75;196.45;0;0
10/05/2022;6:00 AM;15.17;100;0;3.88;222.4;0;0
10/05/2022;7:00 AM;15.06;100;0;3.47;218.09;0;0
10/05/2022;8:00 AM;15.07;100;0;3.45;170.41;0;37
10/05/2022;9:00 AM;15.22;99.82;0;4.47;192.41;0.41;160.5
10/05/2022;10:00 AM;15.25;100;0;3.96;213.26;8.03;321.5
10/05/2022;11:00 AM;15.37;100;0;3.76;194.17;20.02;453
10/05/2022;12:00 PM;15.67;100;0;4.58;208.77;32.33;548
10/05/2022;1:00 PM;16.43;99.12;0;5.13;214.49;55.69;618.5
10/05/2022;2:00 PM;16.76;89.78;0;5.28;235.6;15.17;645
10/05/2022;3:00 PM;16.99;85;0;;240.62;;604
10/05/2022;4:00 PM;17.12;91.18;0;5.83;220.2;32.26;518.5
10/05/2022;5:00 PM;17.19;91.85;0;5.45;218.53;65.96;411
10/05/2022;6:00 PM;17.33;93.09;0;5.09;219.06;36.27;277.5
10/05/2022;7:00 PM;17.63;93.79;0;6.12;200.85;14.85;119
10/05/2022;8:00 PM;17.77;95.02;0;4.48;199.97;3.82;18.5
10/05/2022;9:00 PM;18.11;95.25;0;4.53;222.75;0.08;0
10/05/2022;10:00 PM;16.31;98.94;1;4.92;232.7;0;0
10/05/2022;11:00 PM;16.05;100;0;3.77;232.79;0;0
10/06/2022;12:00 AM;16;100;0;4.15;229.71;0;0
10/06/2022;1:00 AM;15.02;100;0;3.61;224.96;0;0
10/06/2022;2:00 AM;14.07;100;0;3.08;221.17;0;0
10/06/2022;3:00 AM;13.08;95.12;0;2.93;236.92;0;0
10/06/2022;4:00 AM;12.31;94.26;0;2.87;230.32;0;0
10/06/2022;5:00 AM;11.67;97.52;0;2.58;227.07;0;0
10/06/2022;6:00 AM;11;99.72;0;2.32;208.33;0;0
10/06/2022;7:00 AM;10.47;100;0;2.1;213.44;0;0
10/06/2022;8:00 AM;10;100;0;1.95;223.46;0;43
10/06/2022;9:00 AM;9.36;100;0;1.89;206.39;1.19;193.5
10/06/2022;10:00 AM;9.68;100;0;1.97;228.65;9.85;397.5
10/06/2022;11:00 AM;11.07;92.53;0;3.23;244.4;2.98;571.5
10/06/2022;12:00 PM;12.82;83.62;0;;253.81;;701.5
10/06/2022;1:00 PM;14.25;78.58;0;;262.52;;779.5
10/06/2022;2:00 PM;15.23;67.24;0;;285.4;;795.5
10/06/2022;3:00 PM;16.09;63.96;0;;274.93;;743
10/06/2022;4:00 PM;16.56;66.44;0;;259.18;;638.5
10/06/2022;5:00 PM;16.9;65.99;0;;247.39;;499
10/06/2022;6:00 PM;17.21;63.71;0;;266.84;;329.5
10/06/2022;7:00 PM;17.13;68.2;0;2.72;219.15;53.47;139
10/06/2022;8:00 PM;15.15;84.72;0;1.07;186.42;13.99;20
10/06/2022;9:00 PM;11.94;100;0;0.54;199.62;0.21;0
10/06/2022;10:00 PM;10.9;100;0;0.31;197.6;0;0
10/06/2022;11:00 PM;10.25;100;0;1.02;177.36;0;0
10/07/2022;12:00 AM;9.3;100;0;0.83;201.38;0;0
10/07/2022;1:00 AM;8.42;100;0;0.5;178.42;0;0
10/07/2022;2:00 AM;9.09;100;0;1.71;176.04;0;0
10/07/2022;3:00 AM;9.88;100;0;1.58;196.36;0;0
10/07/2022;4:00 AM;10.01;100;0;1.59;187.04;0;0
10/07/2022;5:00 AM;9.78;100;0;1.65;216.07;0;0
10/07/2022;6:00 AM;9.12;100;0;1.05;201.91;0;0
10/07/2022;7:00 AM;8.71;100;0;1.12;200.94;0;0
10/07/2022;8:00 AM;8.51;100;0;1.18;199.8;0;31
10/07/2022;9:00 AM;8.51;100;0;1.63;211.23;1.23;140.5
10/07/2022;10:00 AM;9.13;100;0;1.82;187.65;10.68;304.5
10/07/2022;11:00 AM;10.86;92.21;0;;207.89;;433
10/07/2022;12:00 PM;12.74;85.17;0;;230.23;;492
10/07/2022;1:00 PM;14.63;78.05;0;;235.43;;496
10/07/2022;2:00 PM;15.48;74.69;0;;241.32;;468.5
10/07/2022;3:00 PM;16.56;73.68;0;;231.82;;424.5
10/07/2022;4:00 PM;17.35;68.89;0;;226.63;;355.5
10/07/2022;5:00 PM;17.85;66.55;0;;230.24;;273
10/07/2022;6:00 PM;17.5;64.51;0;;226.81;;180.5
10/07/2022;7:00 PM;16.97;75.37;0;2.86;191.44;50.07;75
10/07/2022;8:00 PM;15.33;73.66;0;;211.5;;10
10/07/2022;9:00 PM;14.44;90.93;0;2.16;204.02;0.22;0
10/07/2022;10:00 PM;13.1;98.11;0;1.54;199.36;0;0
10/07/2022;11:00 PM;13.32;96.06;0;2.66;220.47;0;0
10/08/2022;12:00 AM;13.45;95.36;0;3.64;223.64;0;0
10/08/2022;1:00 AM;13.26;98.71;0;3.48;213.87;0;0
10/08/2022;2:00 AM;13;100;0;3.26;210.53;0;0
10/08/2022;3:00 AM;13.04;100;0;3.76;217.65;0;0
10/08/2022;4:00 AM;12.79;100;0;3.43;236.92;0;0
10/08/2022;5:00 AM;12.43;100;0;2.02;237.01;0;0
10/08/2022;6:00 AM;12.22;100;0;2.17;234.11;0;0
10/08/2022;7:00 AM;11.4;100;0;1.46;223.64;0;0
10/08/2022;8:00 AM;11.11;100;0;1.5;241.67;0;36.5
10/08/2022;9:00 AM;10.6;100;0;1.69;231.73;0.7;173
10/08/2022;10:00 AM;10.59;100;0;1.4;232.7;12.4;369
10/08/2022;11:00 AM;11.28;100;0;;278.54;;535
10/08/2022;12:00 PM;12.9;91.95;0;;308.71;;653.5
10/08/2022;1:00 PM;13.96;79.58;0;;328.24;;716
10/08/2022;2:00 PM;13.96;73.9;0;;313.38;;717.5
10/08/2022;3:00 PM;14.82;70.46;0;;312.5;;649.5
10/08/2022;4:00 PM;15.44;65.83;0;;316.63;;504
10/08/2022;5:00 PM;15.38;64.75;0;;319.88;;359
10/08/2022;6:00 PM;15.43;64.46;0;;247.04;;232.5
10/08/2022;7:00 PM;15.35;60.93;0;;336.25;;90.5
10/08/2022;8:00 PM;14.23;69.34;0;1.1;240.61;0.79;10
10/08/2022;9:00 PM;11.23;95.7;0;0;273.7;0.25;0
10/08/2022;10:00 PM;9.38;100;0;0;207.98;0;0
10/08/2022;11:00 PM;8.61;100;0;0.26;264.28;0;0
10/09/2022;12:00 AM;7.71;100;0;0.49;205.51;0;0
10/09/2022;1:00 AM;7.36;100;0;0.73;202;0;0
10/09/2022;2:00 AM;6.78;100;0;0.81;186.86;0;0
10/09/2022;3:00 AM;6.3;100;0;0.26;188.09;0;0
10/09/2022;4:00 AM;6.02;100;0;0.57;195.75;0;0
10/09/2022;5:00 AM;5.42;100;0;0.39;203.23;0;0
10/09/2022;6:00 AM;5.23;100;0;0.13;230.24;0;0
10/09/2022;7:00 AM;5.21;100;0;0;159.06;0;0
10/09/2022;8:00 AM;5.52;100;0;0.23;114.64;0;37
10/09/2022;9:00 AM;5.43;100;0;0.15;140.94;0.92;177.5
10/09/2022;10:00 AM;5.95;100;0;0;168.83;6.39;359.5
10/09/2022;11:00 AM;8.63;94.92;0;;152.46;;494.5
10/09/2022;12:00 PM;10.97;84.86;0;;154.31;;584.5
10/09/2022;1:00 PM;12.68;77.05;0;;147.89;;561
10/09/2022;2:00 PM;14.57;73.43;0;;150.44;;549.5
10/09/2022;3:00 PM;16.01;69.51;0;;141.2;;556.5
10/09/2022;4:00 PM;17.08;64.41;0;;156.69;;465.5
10/09/2022;5:00 PM;17.76;59.05;0;;161.7;;367
10/09/2022;6:00 PM;17.6;58.4;0;;152.73;;251
10/09/2022;7:00 PM;17.46;61.13;0;2.66;143.23;60.53;101.5
10/09/2022;8:00 PM;15.88;71.96;0;1.04;135.57;14.71;11
10/09/2022;9:00 PM;13.35;88.27;0;0.48;156.42;0.1;0
10/09/2022;10:00 PM;13.17;83.07;0;0.44;157.13;0;0
10/09/2022;11:00 PM;11.24;94.88;0;0;163.73;0;0
10/10/2022;12:00 AM;10.71;98.65;0;0.48;163.37;0;0
10/10/2022;1:00 AM;10.57;99.76;0;0.75;337.92;0;0
10/10/2022;2:00 AM;9.67;100;0;0.45;163.29;0;0
10/10/2022;3:00 AM;9.85;100;0;1.21;183.43;0;0
10/10/2022;4:00 AM;9.95;100;0;1.23;161.09;0;0
10/10/2022;5:00 AM;9.57;100;0;1.28;189.15;0;0
10/10/2022;6:00 AM;9.42;100;0;1.22;182.82;0;0
10/10/2022;7:00 AM;9.27;100;0;1.67;217.04;0;0
10/10/2022;8:00 AM;9.13;100;0;1.93;186.86;0;37
10/10/2022;9:00 AM;9.25;100;0;1.88;217.83;1.1;181.5
10/10/2022;10:00 AM;9.66;100;0;2.13;203.31;11.4;385
10/10/2022;11:00 AM;11.62;93.97;0;;211.23;;555
10/10/2022;12:00 PM;12.95;91.57;0;;231.38;;675.5
10/10/2022;1:00 PM;15.32;84.53;0;;231.91;;742
10/10/2022;2:00 PM;16.31;79.84;0;;222.23;;749
10/10/2022;3:00 PM;15.66;84.34;0;;248.53;;687.5
10/10/2022;4:00 PM;16.79;82.66;0;;300;;575
10/10/2022;5:00 PM;16.5;95.48;0;3.36;347.51;15.64;453.5
10/10/2022;6:00 PM;14.02;100;0.2;2.55;238.33;9.72;310
10/10/2022;7:00 PM;13.58;100;0;2.21;247.74;9.57;123
10/10/2022;8:00 PM;13.88;95.6;0;2.25;329.3;11.48;11
10/10/2022;9:00 PM;12.41;95.5;0;1.85;311.44;0.2;0
10/10/2022;10:00 PM;10.43;100;0;0.32;282.4;0;0
10/10/2022;11:00 PM;8.71;100;0;0;234.2;0;0
10/11/2022;12:00 AM;7.93;100;0;0;213.78;0;0
10/11/2022;1:00 AM;7.36;100;0;0;227.42;0;0
10/11/2022;2:00 AM;6.79;100;0;0;229.53;0;0
10/11/2022;3:00 AM;6.33;100;0;0;223.55;0;0
10/11/2022;4:00 AM;5.82;100;0;0;213.78;0;0
10/11/2022;5:00 AM;5.32;100;0;0;226.89;0;0
10/11/2022;6:00 AM;5.09;100;0;0;225.13;0;0
10/11/2022;7:00 AM;4.59;100;0;0;225.84;0;0
10/11/2022;8:00 AM;4.81;100;0;0;224.17;0;36
10/11/2022;9:00 AM;4.54;100;0;0;209.74;0.62;180
10/11/2022;10:00 AM;5.01;100;0;0.49;250.2;16.06;384
10/11/2022;11:00 AM;8.69;100;0;0;188.45;6.07;558
10/11/2022;12:00 PM;11.46;93.95;0;;65.46;;690
10/11/2022;1:00 PM;13.95;80.14;0;;67.65;;769.5
10/11/2022;2:00 PM;14.54;70.77;0;;159.33;;791
10/11/2022;3:00 PM;15.05;66.07;0;;128.36;;752.5
10/11/2022;4:00 PM;15.2;67.15;0;;121.23;;657
10/11/2022;5:00 PM;15.63;62.77;0;;101.61;;514.5
10/11/2022;6:00 PM;15.26;61.5;0;;62.02;;334.5
10/11/2022;7:00 PM;16.04;60.24;0;1.62;138.74;54.12;127
10/11/2022;8:00 PM;13.78;75.13;0;0.59;245.01;11.06;9
10/11/2022;9:00 PM;10.51;97.92;0;0;173.93;0.1;0
10/11/2022;10:00 PM;9.35;100;0;0;267.62;0;0
10/11/2022;11:00 PM;8.4;100;0;0.25;202.7;0;0
10/12/2022;12:00 AM;7.39;100;0;0;308.71;0;0
10/12/2022;1:00 AM;6.51;100;0;0;308.62;0;0
10/12/2022;2:00 AM;5.88;100;0;0;308.71;0;0
10/12/2022;3:00 AM;5.32;100;0;0;308.62;0;0
10/12/2022;4:00 AM;4.84;100;0;0;308.71;0;0
10/12/2022;5:00 AM;4.48;100;0;0;176.57;0;0
10/12/2022;6:00 AM;3.81;100;0;0;245.89;0;0
10/12/2022;7:00 AM;4.88;100;0;0.85;262.17;0;0
10/12/2022;8:00 AM;4.68;100;0;1.06;269.56;0;34.5
10/12/2022;9:00 AM;4.06;100;0;1.56;250.12;0.3;177.5
10/12/2022;10:00 AM;2.93;100;0;0;128.8;13.16;382
10/12/2022;11:00 AM;5.3;100;0;0.42;304.31;38.94;550
10/12/2022;12:00 PM;9.11;96.36;0;;233.05;;665.5
10/12/2022;1:00 PM;11.57;87.34;0;;189.59;;726
10/12/2022;2:00 PM;13.29;80.25;0;;215.45;;728.5
10/12/2022;3:00 PM;14.67;72.46;0;;216.25;;674
10/12/2022;4:00 PM;15.02;68.45;0;;241.23;;572.5
10/12/2022;5:00 PM;15.04;68.56;0;;238.06;;442.5
10/12/2022;6:00 PM;14.87;77.31;0;2.31;213.61;60.4;291
10/12/2022;7:00 PM;14.99;82.75;0;1.88;191;34.5;110
10/12/2022;8:00 PM;13.73;95.49;0;0.37;157.21;4.3;6
10/12/2022;9:00 PM;12.01;100;0;0.54;166.1;0.02;0
10/12/2022;10:00 PM;11.89;100;0;0.6;179.39;0;0
10/12/2022;11:00 PM;12.13;100;0;0.53;187.04;0;0
10/13/2022;12:00 AM;12.16;100;0;0.96;195.93;0;0
10/13/2022;1:00 AM;12.3;100;0;1.44;193.28;0;0
10/13/2022;2:00 AM;12.42;100;0;1.99;190.73;0;0
10/13/2022;3:00 AM;12.34;100;0;1;198.65;0;0
10/13/2022;4:00 AM;12.76;100;0;2.28;211.58;0;0
10/13/2022;5:00 AM;12.6;100;0;1.65;210.53;0;0
10/13/2022;6:00 AM;12.38;100;0;1.51;192.93;0;0
10/13/2022;7:00 AM;12.44;100;0;1.94;207.18;0;0
10/13/2022;8:00 AM;12.32;100;0;1.51;207.8;0;28.5
10/13/2022;9:00 AM;12.07;100;0;1.66;196.63;0.15;151.5
10/13/2022;10:00 AM;11.78;100;0;1.42;181.14;3.19;324
10/13/2022;11:00 AM;12.02;100;0;2.14;188.62;13.36;457.5
10/13/2022;12:00 PM;12.58;100;0;2.41;202.26;28.25;548.5
10/13/2022;1:00 PM;13.32;100;0;2.35;216.24;31.97;556.5
10/13/2022;2:00 PM;13.01;100;0;3.38;194.34;30.68;495
10/13/2022;3:00 PM;13.11;100;0;2.53;217.83;49.47;400
10/13/2022;4:00 PM;13.86;100;0;2.62;201.29;39.35;350
10/13/2022;5:00 PM;13.81;100;0;1.95;198.12;20.23;319
10/13/2022;6:00 PM;13.78;100;0.2;0.87;200.76;9.48;215
10/13/2022;7:00 PM;13.5;100;0.4;0.43;227.6;7.22;79
10/13/2022;8:00 PM;13.43;100;0;1.59;213.08;2.6;2.5
10/13/2022;9:00 PM;13.43;100;0;1.6;197.33;0.01;0
10/13/2022;10:00 PM;13.32;100;0;1.54;184.22;0;0
10/13/2022;11:00 PM;13.37;100;0;1.57;177.01;0;0
10/14/2022;12:00 AM;13.41;100;0;0.89;152.2;0;0
10/14/2022;1:00 AM;13.48;100;0;0.66;143.84;0;0
10/14/2022;2:00 AM;13.68;100;0;1.11;165.66;0;0
10/14/2022;3:00 AM;13.88;100;0;1.47;157.48;0;0
10/14/2022;4:00 AM;13.9;100;0;1.87;193.37;0;0
10/14/2022;5:00 AM;14;100;0;2.03;194.96;0;0
10/14/2022;6:00 AM;13.99;100;0;2.03;215.46;0;0
10/14/2022;7:00 AM;14.03;100;0;2.09;198.48;0;0
10/14/2022;8:00 AM;13.94;100;0;2.02;192.93;0;27.5
10/14/2022;9:00 AM;13.82;100;0.2;2;182.9;0.11;144
10/14/2022;10:00 AM;13.8;100;0.2;1.94;176.57;3.63;286.5
10/14/2022;11:00 AM;14.02;100;0;1.94;199.79;11.38;397
10/14/2022;12:00 PM;14.34;100;0.2;2.08;202.44;18.39;490
10/14/2022;1:00 PM;14.69;100;0;2.71;234.37;22.21;488
10/14/2022;2:00 PM;15.4;100;0;2.77;230.76;52.15;482
10/14/2022;3:00 PM;16.07;99.64;0;2.21;260.24;23.39;470
10/14/2022;4:00 PM;16.49;91.79;0;;271.85;;413
10/14/2022;5:00 PM;16.58;88.71;0;;264.28;;327.5
10/14/2022;6:00 PM;16.41;95.48;0;2.15;237.89;25.26;212
10/14/2022;7:00 PM;16.15;98.62;0;0.95;234.02;21.1;76
10/14/2022;8:00 PM;14.51;100;0;0;175.43;6.05;1
10/14/2022;9:00 PM;13.45;100;0;0;344.16;0.02;0
10/14/2022;10:00 PM;12.91;100;0;0;344.16;0;0
10/14/2022;11:00 PM;12.97;100;0;0.62;326.57;0;0
10/15/2022;12:00 AM;13.66;100;0;1.43;218.71;0;0
10/15/2022;1:00 AM;13.68;100;0;1.81;200.68;0;0
10/15/2022;2:00 AM;13.81;100;0;2.11;226.63;0;0
10/15/2022;3:00 AM;13.68;100;0;2.07;222.85;0;0
10/15/2022;4:00 AM;13.6;100;0;2.15;213.52;0;0
10/15/2022;5:00 AM;13.4;100;0;2.01;212.64;0;0
10/15/2022;6:00 AM;13.16;100;0;1.83;180.09;0;0
10/15/2022;7:00 AM;13.07;100;0;2.48;197.95;0;0
10/15/2022;8:00 AM;12.92;100;0;1.95;193.72;0;26.5
10/15/2022;9:00 AM;13.02;100;0;1.87;181.76;0.11;144.5
10/15/2022;10:00 AM;13.52;100;0;2.69;181.41;4.35;315
10/15/2022;11:00 AM;13.91;100;0.2;2.43;164.08;18.87;443.5
10/15/2022;12:00 PM;14.61;100;0;4.01;175.6;18.85;533.5
10/15/2022;1:00 PM;15.98;100;0;5.76;237.01;9.65;524.5
10/15/2022;2:00 PM;16.93;100;0;;259.89;;468.5
10/15/2022;3:00 PM;17.55;93.06;0;;278.97;;440.5
10/15/2022;4:00 PM;16.91;88.42;0;;277.3;;420.5
10/15/2022;5:00 PM;17.76;77.7;0;;275.63;;376
10/15/2022;6:00 PM;17.5;79.06;0;3.44;266.4;18.86;257.5
10/15/2022;7:00 PM;17.41;82.22;0;4.51;239.12;42.46;92.5
10/15/2022;8:00 PM;16.23;83.9;0;3.44;232;8.33;0
10/15/2022;9:00 PM;15.08;88.04;0;2.71;214.84;0.02;0
10/15/2022;10:00 PM;13.84;96.13;0;1.5;221.88;0;0
10/15/2022;11:00 PM;13.25;100;0;1.3;174.72;0;0
10/16/2022;12:00 AM;13.49;100;0;1.72;176.48;0;0
10/16/2022;1:00 AM;13.08;100;0;2.16;177.8;0;0
10/16/2022;2:00 AM;13.34;100;0;2.61;182.9;0;0
10/16/2022;3:00 AM;13.79;100;0;3.53;190.21;0;0
10/16/2022;4:00 AM;13.44;100;0;3.57;203.93;0;0
10/16/2022;5:00 AM;13.27;100;0;3.29;205.69;0;0
10/16/2022;6:00 AM;13.01;100;0;3.28;203.84;0;0
10/16/2022;7:00 AM;13.06;100;0;2.89;210.09;0;0
10/16/2022;8:00 AM;12.93;100;0;3.33;218.36;0;27
10/16/2022;9:00 AM;13.03;100;0;3.43;223.73;0.08;156
10/16/2022;10:00 AM;12.87;100;0;3.05;213.7;5.41;353.5
10/16/2022;11:00 AM;13.32;98.93;0;3.02;213.78;7.75;519
10/16/2022;12:00 PM;14.68;92.21;0;;228.57;;640
10/16/2022;1:00 PM;15.73;88.48;0;;230.41;;689.5
10/16/2022;2:00 PM;16.5;84.33;0;;245.72;;624
10/16/2022;3:00 PM;17.81;75.1;0;;226.54;;526
10/16/2022;4:00 PM;18.01;75.56;0;;187.04;;469
10/16/2022;5:00 PM;17.99;85.09;0;2.52;169;56.09;385
10/16/2022;6:00 PM;17.8;87.1;0;2.01;158.54;48.95;246
10/16/2022;7:00 PM;17.12;91.46;0;0.92;156.51;12.52;84
10/16/2022;8:00 PM;16.99;95.9;0;0.99;241.32;2.13;0
10/16/2022;9:00 PM;16.25;100;0;0.96;136.1;0;0
10/16/2022;10:00 PM;15.52;100;0.4;0.97;243.52;0;0
10/16/2022;11:00 PM;15.05;100;0;1.05;52.96;0;0
10/17/2022;12:00 AM;14.34;100;0;1.04;125.54;0;0
10/17/2022;1:00 AM;14.08;100;0;0.99;105.13;0;0
10/17/2022;2:00 AM;14.17;100;0;0.53;25.69;0;0
10/17/2022;3:00 AM;14.73;100;0;1.87;130.65;0;0
10/17/2022;4:00 AM;15.6;100;0;2.19;156.25;0;0
10/17/2022;5:00 AM;16.3;100;0;2.65;176.75;0;0
10/17/2022;6:00 AM;16.97;100;0;3.19;191.88;0;0
10/17/2022;7:00 AM;17.06;100;0;2.15;203.67;0;0
10/17/2022;8:00 AM;16.75;100;0;1.24;206.04;0;26
10/17/2022;9:00 AM;17.24;100;0;2.13;199.97;0.01;157
10/17/2022;10:00 AM;16.95;100;3.2;4.06;201.12;0.18;358
10/17/2022;11:00 AM;16.22;100;3.2;2.8;190.82;6.5;527.5
10/17/2022;12:00 PM;16.2;100;0.4;2.09;192.85;13.67;645
10/17/2022;1:00 PM;16.44;100;0;2.45;200.41;22.58;706
10/17/2022;2:00 PM;17.25;100;0;2.37;217.83;78.81;669.5
10/17/2022;3:00 PM;18.01;100;0;2.37;230.59;45.76;555
10/17/2022;4:00 PM;18.01;100;0;2.65;227.6;42.27;443.5
10/17/2022;5:00 PM;18.49;100;0;2.48;220.91;56.19;359
10/17/2022;6:00 PM;18.47;100;0;2.35;219.94;38.68;245
10/17/2022;7:00 PM;18.03;100;0;1.62;210.79;13.62;82.5
10/17/2022;8:00 PM;17.4;100;0;1.36;178.33;2.38;0
10/17/2022;9:00 PM;16.66;100;0;1.1;204.19;0.01;0
10/17/2022;10:00 PM;16.42;100;0;1.05;209.39;0;0
10/17/2022;11:00 PM;16.21;100;0;0.96;241.23;0;0
10/18/2022;12:00 AM;15.69;100;0;0.31;162.14;0;0
10/18/2022;1:00 AM;15.57;100;0;0.23;220.2;0;0
10/18/2022;2:00 AM;15.5;100;0;0.29;263.67;0;0
10/18/2022;3:00 AM;15.34;100;0;0.28;263.49;0;0
10/18/2022;4:00 AM;15.3;100;0;0.44;165.66;0;0
10/18/2022;5:00 AM;15.39;100;0;1.09;347.07;0;0
10/18/2022;6:00 AM;15.17;100;0;1.42;318.03;0;0
10/18/2022;7:00 AM;15.17;100;0;1.34;337.48;0;0
10/18/2022;8:00 AM;15.22;100;0;1.38;218.98;0;22.5
10/18/2022;9:00 AM;13.58;100;0;0.16;276.95;0.06;141
10/18/2022;10:00 AM;12.46;100;0;0.65;306.86;3.7;329
10/18/2022;11:00 AM;12.85;100;0;0.68;254.96;31.9;493
10/18/2022;12:00 PM;13.74;100;0;;36.25;;608.5
10/18/2022;1:00 PM;15.27;100;0;;26.92;;653
10/18/2022;2:00 PM;17.71;96.29;0;;34.84;;615
10/18/2022;3:00 PM;18.51;79.65;0;;35.72;;545
10/18/2022;4:00 PM;19.29;72.69;0;;35.54;;457
10/18/2022;5:00 PM;19.43;74.76;0;;194.08;;346
10/18/2022;6:00 PM;19.49;75.99;0;1.62;186.95;36.27;219
10/18/2022;7:00 PM;18.85;82.22;0;2.22;109.09;40.08;73
10/18/2022;8:00 PM;16.96;90.98;0;1.99;252.05;3.54;0
10/18/2022;9:00 PM;15.29;98.66;0;1.69;169.88;0;0
10/18/2022;10:00 PM;14.14;100;0;1.46;174.63;0;0
10/18/2022;11:00 PM;13.22;100;0;1.68;174.98;0;0
10/19/2022;12:00 AM;12.46;100;0;1.22;340.73;0;0
10/19/2022;1:00 AM;11.66;100;0;1.3;258.3;0;0
10/19/2022;2:00 AM;11.13;100;0;1.3;124.31;0;0
10/19/2022;3:00 AM;10.83;100;0;1.66;24.28;0;0
10/19/2022;4:00 AM;10.66;100;0;1.49;59.3;0;0
10/19/2022;5:00 AM;10.45;100;0;1.86;79.97;0;0
10/19/2022;6:00 AM;10.22;100;0;1.94;68.1;0;0
10/19/2022;7:00 AM;10.1;100;0;1.73;27.45;0;0
10/19/2022;8:00 AM;10.11;100;0;2.36;113.66;0;23.5
10/19/2022;9:00 AM;9.92;100;0;1.66;163.9;0.16;152
10/19/2022;10:00 AM;9.8;100;0;1.75;78.12;7.77;351.5
10/19/2022;11:00 AM;10.39;99.13;0;2.06;73.55;11.87;518.5
10/19/2022;12:00 PM;11.51;94.93;0;;104.25;;640.5
10/19/2022;1:00 PM;12.83;91.27;0;;106.8;;711
10/19/2022;2:00 PM;14.3;87.36;0;;98.01;;730
10/19/2022;3:00 PM;14.83;86.02;0;;97.39;;690.5
10/19/2022;4:00 PM;16.26;83.57;0;;92.99;;589
10/19/2022;5:00 PM;16.82;82.61;0;;101.44;;444.5
10/19/2022;6:00 PM;17.25;83.66;0;2.66;106.01;24.82;269.5
10/19/2022;7:00 PM;16.61;84.77;0;2.56;92.38;34.66;87.5
10/19/2022;8:00 PM;15.33;91.71;0;2.88;63.69;2.45;0
10/19/2022;9:00 PM;14.34;98.69;0;2.6;63.61;0;0
10/19/2022;10:00 PM;13.58;100;0;2.84;71;0;0
10/19/2022;11:00 PM;13.12;100;0;3.68;67.92;0;0
10/20/2022;12:00 AM;12.77;100;0;2.45;81.82;0;0
10/20/2022;1:00 AM;12.52;100;0;2.36;90.35;0;0
10/20/2022;2:00 AM;12.23;100;0;2.32;73.64;0;0
10/20/2022;3:00 AM;11.86;100;0;1.72;73.28;0;0
10/20/2022;4:00 AM;11.61;100;0;2.56;52.43;0;0
10/20/2022;5:00 AM;11.44;100;0;2.28;68.98;0;0
10/20/2022;6:00 AM;11.37;100;0;1.3;210.79;0;0
10/20/2022;7:00 AM;11.22;100;0;1.55;101.26;0;0
10/20/2022;8:00 AM;11.27;100;0;1.7;65.19;0;21.5
10/20/2022;9:00 AM;11.54;100;0;1.46;127.39;0.04;145.5
10/20/2022;10:00 AM;12.31;100;0;1.73;136.01;5.14;343
10/20/2022;11:00 AM;13.8;100;0;1.41;213.52;9.63;510.5
10/20/2022;12:00 PM;14.47;100;0.2;2.04;129.68;21.17;629.5
10/20/2022;1:00 PM;15.41;100;0;1.58;158.36;45.68;691.5
10/20/2022;2:00 PM;16.38;100;0;2.97;172.61;38.46;702.5
10/20/2022;3:00 PM;17.71;99.21;0;3.7;201.38;26.43;661
10/20/2022;4:00 PM;18.69;91.96;0;;211.67;;577.5
10/20/2022;5:00 PM;19.27;88.5;0;;186.16;;451.5
10/20/2022;6:00 PM;19.64;89.67;0;2.09;183.26;18.09;276.5
10/20/2022;7:00 PM;19.58;99;0;2.28;176.92;25.5;90.5
10/20/2022;8:00 PM;18.4;100;0;0.59;147.98;2.21;0
10/20/2022;9:00 PM;17.66;100;0;0;147.62;0;0
10/20/2022;10:00 PM;17.36;100;0;0.84;166.01;0;0
10/20/2022;11:00 PM;17.25;100;0;1.49;163.9;0;0
10/21/2022;12:00 AM;16.44;100;0;0.79;220.82;0;0
10/21/2022;1:00 AM;17.06;100;0;1.62;143.93;0;0
10/21/2022;2:00 AM;16.79;100;0;1.67;177.27;0;0
10/21/2022;3:00 AM;16.28;100;0;2.08;191.44;0;0
10/21/2022;4:00 AM;15.7;100;0;1.78;178.77;0;0
10/21/2022;5:00 AM;15.09;100;0;1.76;188.71;0;0
10/21/2022;6:00 AM;14.31;100;0;0.91;201.56;0;0
10/21/2022;7:00 AM;13.55;100;0;0.25;158.98;0;0
10/21/2022;8:00 AM;13.63;100;0;0.71;164.16;0;19
10/21/2022;9:00 AM;14.18;100;0;1.35;136.54;0.01;130
10/21/2022;10:00 AM;14.75;100;0;1.8;171.91;2.64;309
10/21/2022;11:00 AM;15.57;100;0;3.3;215.54;17.63;474.5
10/21/2022;12:00 PM;16.43;99.05;0;4.71;202.17;26.08;589.5
10/21/2022;1:00 PM;16.72;94.33;0;;211.06;;544.5
10/21/2022;2:00 PM;17.05;94.4;0;;203.14;;411.5
10/21/2022;3:00 PM;18.67;88.16;0;;223.55;;338
10/21/2022;4:00 PM;19.52;83.08;0;;214.05;;314.5
10/21/2022;5:00 PM;20.47;77.36;0;;215.63;;264
10/21/2022;6:00 PM;20.36;74.5;0;;216.6;;174
10/21/2022;7:00 PM;19.13;82.34;0;3.98;218.98;9.2;66.5
10/21/2022;8:00 PM;18.29;94.7;0;3.17;198.21;3.32;0
10/21/2022;9:00 PM;17.11;100;0;2.16;193.64;0;0
10/21/2022;10:00 PM;16.97;100;0;2.53;183.78;0;0
10/21/2022;11:00 PM;16.66;100;0;2.99;214.58;0;0
10/22/2022;12:00 AM;16.34;100;0;2.97;180.18;0;0
10/22/2022;1:00 AM;15.96;100;0;2.49;188.01;0;0
10/22/2022;2:00 AM;15.59;100;0;2.55;172.35;0;0
10/22/2022;3:00 AM;15.4;100;0;3.76;185.54;0;0
10/22/2022;4:00 AM;14.89;100;0;2.84;195.66;0;0
10/22/2022;5:00 AM;14.59;100;0;2.66;193.2;0;0
10/22/2022;6:00 AM;14.53;100;0;2.74;201.2;0;0
10/22/2022;7:00 AM;15.1;100;0;5.51;213.78;0;0
10/22/2022;8:00 AM;14.69;100;0;4.6;210.18;0;18
10/22/2022;9:00 AM;14.66;100;0;3.69;219.68;0.01;139
10/22/2022;10:00 AM;14.95;100;0;3.49;202.35;3.86;332
10/22/2022;11:00 AM;14.77;97.76;0;2.97;242.03;9.19;488
10/22/2022;12:00 PM;15.24;93.57;0;;237.72;;598.5
10/22/2022;1:00 PM;16;91.57;0;;242.55;;658.5
10/22/2022;2:00 PM;16.89;88.3;0;;233.49;;669.5
10/22/2022;3:00 PM;17.14;84.39;0;;243.34;;612.5
10/22/2022;4:00 PM;17.91;81.85;0;;253.02;;521
10/22/2022;5:00 PM;17.89;80.56;0;;243.52;;414
10/22/2022;6:00 PM;18.26;79.91;0;;229.44;;258
10/22/2022;7:00 PM;17.5;83.67;0;;211.14;;85
10/22/2022;8:00 PM;15.26;97.14;0;0.17;202.26;0.44;0
10/22/2022;9:00 PM;13.92;100;0;0;229.62;0;0
10/22/2022;10:00 PM;13.21;100;0;0;251.97;0;0
10/22/2022;11:00 PM;14.51;100;0;0.77;145.95;0;0
10/23/2022;12:00 AM;14.68;100;0;0.57;145.78;0;0
10/23/2022;1:00 AM;14.67;100;0;0.59;111.64;0;0
10/23/2022;2:00 AM;13.93;100;0;0.53;56.31;0;0
10/23/2022;3:00 AM;13.59;100;0;0;38.36;0;0
10/23/2022;4:00 AM;14.77;100;0;1.59;130.73;0;0
10/23/2022;5:00 AM;15.25;100;0;2.17;137.77;0;0
10/23/2022;6:00 AM;14.96;100;0;1.88;133.11;0;0
10/23/2022;7:00 AM;14.3;100;0;0.17;117.8;0;0
10/23/2022;8:00 AM;13.95;100;0;0.31;65.63;0;17.5
10/23/2022;9:00 AM;13.87;100;0;0.2;122.99;0.01;140.5
10/23/2022;10:00 AM;14.23;100;0;0.43;96.95;2.13;340.5
10/23/2022;11:00 AM;15.45;100;0;2.08;131.27;5.85;509
10/23/2022;12:00 PM;15.67;100;0;0.81;92.46;12.57;631.5
10/23/2022;1:00 PM;16.07;100;0;2.48;180.62;31.51;699
10/23/2022;2:00 PM;16.93;100;0;3.51;141.82;54.27;707
10/23/2022;3:00 PM;17.81;92.34;0;3.73;165.66;17.9;654.5
10/23/2022;4:00 PM;18.94;85.55;0;;162.84;;551
10/23/2022;5:00 PM;19.81;81.44;0;;193.37;;406.5
10/23/2022;6:00 PM;19.31;82.63;0;;170.41;;246
10/23/2022;7:00 PM;19.2;90.01;0;2.61;163.46;4.96;84
10/23/2022;8:00 PM;19.17;97.47;0;3.9;137.77;0.7;0
10/23/2022;9:00 PM;18.94;95.68;0;3.75;194.87;0;0
10/23/2022;10:00 PM;17.31;95.48;0;3.44;205.87;0;0
10/23/2022;11:00 PM;15.74;100;0;2.56;180.97;0;0
10/24/2022;12:00 AM;16.32;99.58;0;2.26;186.86;0;0
10/24/2022;1:00 AM;16.55;100;0;2.38;170.32;0;0
10/24/2022;2:00 AM;16.89;98.76;0;3.12;174.55;0;0
10/24/2022;3:00 AM;17.55;87.35;0;5.36;175.16;0;0
10/24/2022;4:00 AM;17.53;82.94;0;5.87;202.52;0;0
10/24/2022;5:00 AM;17.12;82.64;0;7.57;202.08;0;0
10/24/2022;6:00 AM;16.81;84.74;0;7.32;189.59;0;0
10/24/2022;7:00 AM;16.68;86.86;0;6.85;194.17;0;0
10/24/2022;8:00 AM;16.61;89.81;0;5.96;206.66;0;15.5
10/24/2022;9:00 AM;15.74;98.1;0;5.82;199.27;0.03;134.5
10/24/2022;10:00 AM;15.19;100;0;5.38;213.87;2.86;332.5
10/24/2022;11:00 AM;15.26;100;0;5.74;213.26;30.37;501
10/24/2022;12:00 PM;15.55;95.31;0;6.65;223.73;36.91;623
10/24/2022;1:00 PM;16.13;87.41;0;;245.37;;687
10/24/2022;2:00 PM;16.68;83.5;0;;227.51;;689
10/24/2022;3:00 PM;17.08;84.59;0;;251.35;;634.5
10/24/2022;4:00 PM;17.72;80.57;0;;241.93;;536.5
10/24/2022;5:00 PM;17.75;79.37;0;;248.45;;409.5
10/24/2022;6:00 PM;17.45;86.57;0;3.94;236.31;37.73;254
10/24/2022;7:00 PM;15.69;99.87;1.4;3.5;211.06;4.34;84
10/24/2022;8:00 PM;13.59;100;5;1.6;222.76;0.22;0
10/24/2022;9:00 PM;12.17;100;0.2;1.59;201.91;0;0
10/24/2022;10:00 PM;13.6;100;0;3.16;217.13;0;0
10/24/2022;11:00 PM;13.63;100;0;2.68;214.13;0;0
10/25/2022;12:00 AM;14.15;100;0;2.9;212.46;0;0
10/25/2022;1:00 AM;14.27;100;0;3.58;219.33;0;0
10/25/2022;2:00 AM;13.86;100;0;3.44;226.89;0;0
10/25/2022;3:00 AM;13.84;100;0.2;3.77;209.38;0;0
10/25/2022;4:00 AM;13.84;100;0;3.2;205.16;0;0
10/25/2022;5:00 AM;13.48;100;0;3.68;212.46;0;0
10/25/2022;6:00 AM;13.24;100;0;2.7;211.67;0;0
10/25/2022;7:00 AM;12.78;100;0;3.82;205.77;0;0
10/25/2022;8:00 AM;12.57;100;0;3.47;220.65;0;14.5
10/25/2022;9:00 AM;12.4;100;0;3.05;225.31;0.02;135
10/25/2022;10:00 AM;12.41;100;0;3.08;201.55;6.42;336
10/25/2022;11:00 AM;12.88;100;0;2.7;220.38;29.69;507
10/25/2022;12:00 PM;13.21;99.95;0;;228.21;;633
10/25/2022;1:00 PM;14.27;97.2;0;;238.42;;706
10/25/2022;2:00 PM;14.95;94.97;0;;209.91;;721.5
10/25/2022;3:00 PM;16.08;88.95;0;;232.7;;677
10/25/2022;4:00 PM;16.75;85.67;0;;221.53;;572.5
10/25/2022;5:00 PM;16.95;82.13;0;;204.72;;427
10/25/2022;6:00 PM;16.99;87.71;0;2.54;190.3;44.71;255.5
10/25/2022;7:00 PM;16.13;95.38;0;1.89;174.72;12.1;81
10/25/2022;8:00 PM;14.83;99.77;0;1.42;154.93;1.24;0
10/25/2022;9:00 PM;13.71;100;0;0.32;94.49;0;0
10/25/2022;10:00 PM;13.62;100;0;0.53;112.08;0;0
10/25/2022;11:00 PM;13.24;100;0;0.65;69.68;0;0
10/26/2022;12:00 AM;13.34;100;0;1.03;65.98;0;0
10/26/2022;1:00 AM;13.52;100;0;0.69;110.32;0;0
10/26/2022;2:00 AM;13.42;100;0;0.86;53.05;0;0
10/26/2022;3:00 AM;13.22;100;0;0.91;127.65;0;0
10/26/2022;4:00 AM;13.17;100;0;0.19;23.4;0;0
10/26/2022;5:00 AM;13.31;100;0;0.63;119.56;0;0
10/26/2022;6:00 AM;13.75;100;0;0.95;168.91;0;0
10/26/2022;7:00 AM;14.41;100;0;0.89;253.64;0;0
10/26/2022;8:00 AM;15.06;100;0;2.89;169.97;0;11.5
10/26/2022;9:00 AM;15.09;100;0;2.36;187.04;0.01;117.5
10/26/2022;10:00 AM;14.72;100;0;2.75;208.15;3.5;284
10/26/2022;11:00 AM;15.12;96.04;0;3.12;209.21;2.4;416.5
10/26/2022;12:00 PM;16.08;93.53;0;;237.27;;521.5
10/26/2022;1:00 PM;17.13;90.28;0;;235.51;;493
10/26/2022;2:00 PM;17.65;87.77;0;;242.73;;411
10/26/2022;3:00 PM;18.41;87.31;0;;229.8;;350.5
10/26/2022;4:00 PM;19.29;83.25;0;;215.81;;282
10/26/2022;5:00 PM;19.59;82.1;0;;249.68;;206
10/26/2022;6:00 PM;19.95;87.88;0;3.91;230.06;32.11;106.5
10/26/2022;7:00 PM;19.43;97.01;0;2.93;203.32;11.17;33
10/26/2022;8:00 PM;18.43;100;0;1.78;183.17;0.98;0
10/26/2022;9:00 PM;17.68;100;0;1.26;135.57;0;0
10/26/2022;10:00 PM;17.3;100;0;1.4;150.09;0;0
10/26/2022;11:00 PM;17.35;100;0;1.58;157.04;0;0
10/27/2022;12:00 AM;17.24;100;0;1.59;170.15;0;0
10/27/2022;1:00 AM;16.69;100;0;2.02;182.11;0;0
10/27/2022;2:00 AM;16.19;100;0;2.22;171.47;0;0
10/27/2022;3:00 AM;16.09;100;0;2.1;174.28;0;0
10/27/2022;4:00 AM;15.99;100;0;2.09;178.95;0;0
10/27/2022;5:00 AM;15.5;100;0;0.91;123.79;0;0
10/27/2022;6:00 AM;14.8;100;0;0.94;121.05;0;0
10/27/2022;7:00 AM;14.4;100;0;0.65;163.81;0;0
10/27/2022;8:00 AM;15.25;100;0;2.31;148.42;0;10.5
10/27/2022;9:00 AM;15.4;100;0;1.93;160.56;0.05;123
10/27/2022;10:00 AM;15.59;96.05;0;2.64;149.91;5.9;316
10/27/2022;11:00 AM;16.19;92.17;0;2.61;152.55;26.82;481.5
10/27/2022;12:00 PM;16.31;87.57;0;2.28;149.74;10.12;602
10/27/2022;1:00 PM;17.27;84.66;0;;168.65;;670
10/27/2022;2:00 PM;18.64;82.88;0;;179.38;;687.5
10/27/2022;3:00 PM;19.9;79.98;0;;190.03;;644.5
10/27/2022;4:00 PM;20.13;79.11;0;;208.33;;546.5
10/27/2022;5:00 PM;20.35;78.3;0;;204.9;;413
10/27/2022;6:00 PM;19.85;81.76;0;;195.31;;248
10/27/2022;7:00 PM;19.74;84.96;0;1.54;200.41;2.07;78.5
10/27/2022;8:00 PM;18.37;99.32;0;1.17;154.84;0.99;0
10/27/2022;9:00 PM;18.24;100;0;1.54;173.58;0;0
10/27/2022;10:00 PM;18.56;100;0;1.9;175.08;0;0
10/27/2022;11:00 PM;18.23;100;0;1.46;171.91;0;0
10/28/2022;12:00 AM;18.38;99.78;0;2.14;177.63;0;0
10/28/2022;1:00 AM;18.18;100;0;2.25;208.77;0;0
10/28/2022;2:00 AM;17.77;100;0;1.55;179.83;0;0
10/28/2022;3:00 AM;17.91;100;0;2.24;185.1;0;0
10/28/2022;4:00 AM;17.84;99.97;0;2.22;193.28;0;0
10/28/2022;5:00 AM;17.25;100;0;1.69;200.15;0;0
10/28/2022;6:00 AM;16.88;100;0;1.88;202.35;0;0
10/28/2022;7:00 AM;16.55;100;0;2.11;171.64;0;0
10/28/2022;8:00 AM;16.19;100;0;1.33;189.59;0;9.5
10/28/2022;9:00 AM;15.93;100;0;1.32;167.6;0.01;124.5
10/28/2022;10:00 AM;16.13;100;0;2.02;190.38;3.37;324
10/28/2022;11:00 AM;16.79;100;0;3.47;179.21;20.96;491.5
10/28/2022;12:00 PM;18.04;94.84;0;1.95;189.77;44.48;613.5
10/28/2022;1:00 PM;19.7;77.25;0;;214.84;;682.5
10/28/2022;2:00 PM;20.31;85.78;0;3.89;204.89;81.14;694.5
10/28/2022;3:00 PM;20.54;88.26;0;3.59;214.84;92.52;653
10/28/2022;4:00 PM;20.97;76.82;0;;238.59;;565
10/28/2022;5:00 PM;21.08;86.3;0;3.72;222.23;58.98;427
10/28/2022;6:00 PM;21.12;90.59;0;2.91;214.93;53.73;247
10/28/2022;7:00 PM;20.31;96.59;0;2.07;233.14;13.59;75
10/28/2022;8:00 PM;19.25;100;0;1.75;244.93;1.43;0
10/28/2022;9:00 PM;18.27;100;0;1.54;226.45;0;0
10/28/2022;10:00 PM;17.18;100;0;1.55;215.37;0;0
10/28/2022;11:00 PM;16.03;100;0;1.41;218.36;0;0
10/29/2022;12:00 AM;14.71;100;0;0.32;195.84;0;0
10/29/2022;1:00 AM;14.12;100;0;0.46;119.74;0;0
10/29/2022;2:00 AM;14.25;100;0;0;222.4;0;0
10/29/2022;3:00 AM;13.86;100;0;0;172.7;0;0
10/29/2022;4:00 AM;13.06;100;0;0;144.72;0;0
10/29/2022;5:00 AM;12.66;100;0;0;126.6;0;0
10/29/2022;6:00 AM;13.61;100;0;0.59;143.93;0;0
10/29/2022;7:00 AM;14.22;100;0;1.13;69.24;0;0
10/29/2022;8:00 AM;14.09;100;0;1.54;66.07;0;7.5
10/29/2022;9:00 AM;14.29;100;0;0.75;91.94;0;121
10/29/2022;10:00 AM;14.74;100;0;0.23;100.82;1.67;321
10/29/2022;11:00 AM;15.42;100;0;1.06;181.67;13.27;490
10/29/2022;12:00 PM;16.5;100;0;1.8;152.73;31.65;612.5
10/29/2022;1:00 PM;18.65;89.86;0;2.61;192.14;14.73;683
10/29/2022;2:00 PM;20.84;74.57;0;;185.28;;698.5
10/29/2022;3:00 PM;22.32;71.99;0;;188.62;;658.5
10/29/2022;4:00 PM;22.59;67.62;0;;178.15;;566.5
10/29/2022;5:00 PM;22.32;69.65;0;;196.98;;427.5
10/29/2022;6:00 PM;22.77;69.59;0;2.7;178.24;42.76;250
10/29/2022;7:00 PM;21.63;72.25;0;2.51;181.32;13.68;76
10/29/2022;8:00 PM;20.15;81.21;0;1.59;191.7;1.57;0
10/29/2022;9:00 PM;19.17;87.71;0;1.68;183.34;0;0
10/29/2022;10:00 PM;18.8;90.25;0;1.37;187.39;0;0
10/29/2022;11:00 PM;18.89;87.79;0;1.89;194.43;0;0
10/30/2022;12:00 AM;18.42;88.12;0;2.19;207.1;0;0
10/30/2022;1:00 AM;17.72;93.68;0;1.2;231.99;0;0
10/30/2022;2:00 AM;15.67;99.43;0;1.54;193.72;0;0
10/30/2022;2:00 AM;14.94;100;0;1.51;210.35;0;0
10/30/2022;3:00 AM;13.42;100;0;1.37;188.74;0;0
10/30/2022;4:00 AM;13.8;100;0;1.59;188.39;0;0
10/30/2022;5:00 AM;13.29;100;0;0.52;227.16;0;0
10/30/2022;6:00 AM;13.42;100;0;1.45;177.27;0;6
10/30/2022;7:00 AM;13.49;100;0;1.78;193.55;0;116.5
10/30/2022;8:00 AM;12.9;100;0;1.44;192.84;4.56;313.5
10/30/2022;9:00 AM;14.12;100;0;1.97;191.88;20.29;479.5
10/30/2022;10:00 AM;16.12;93.12;0;1.86;224.08;12.88;603
10/30/2022;11:00 AM;17.3;85.93;0;;239.3;;669
10/30/2022;12:00 PM;17.9;95.78;0;1.54;217.48;47.93;678
10/30/2022;1:00 PM;18.2;98.88;0;2.04;220.12;75.54;632.5
10/30/2022;2:00 PM;18.46;86.15;0;0.88;255.57;24.76;539
10/30/2022;3:00 PM;18.44;93.06;0;2.5;269.39;33.24;406
10/30/2022;4:00 PM;17.26;99.86;0;2.48;251.09;16.36;234.5
10/30/2022;5:00 PM;16.48;100;0;1.48;174.55;8.07;70.5
10/30/2022;6:00 PM;15.73;100;0;1.33;228.21;0.83;0
10/30/2022;7:00 PM;14.84;100;0;1.21;220.64;0;0
10/30/2022;8:00 PM;13.85;100;0;0.56;177.45;0;0
10/30/2022;9:00 PM;13.26;100;0;0;185.02;0;0
10/30/2022;10:00 PM;13.11;100;0;0.57;199.71;0;0
10/30/2022;11:00 PM;12.63;100;0;0.35;197.86;0;0
10/31/2022;12:00 AM;12.3;100;0;0.24;200.06;0;0
10/31/2022;1:00 AM;12.52;100;0;0.54;224.08;0;0
10/31/2022;2:00 AM;11.34;100;0;0.68;220.38;0;0
10/31/2022;3:00 AM;10.69;100;0;1.1;179.83;0;0
10/31/2022;4:00 AM;10.03;100;0;0.43;181.41;0;0
10/31/2022;5:00 AM;9.36;100;0;0.33;204.64;0;0
10/31/2022;6:00 AM;9.73;100;0;0;179.65;0;4
10/31/2022;7:00 AM;9.61;100;0;0.36;174.11;0;111.5
10/31/2022;8:00 AM;9.83;100;0;0.34;167.68;1.7;306.5
10/31/2022;9:00 AM;11.03;100;0;0.95;138.39;9.02;471
10/31/2022;10:00 AM;11.39;100;0;1.25;169.97;25.82;592
10/31/2022;11:00 AM;12.35;100;0;1.38;157.83;26.86;566.5
10/31/2022;12:00 PM;14.05;100;0;1.6;337.92;64.48;420.5
10/31/2022;1:00 PM;15.42;100;0;1.99;51.73;49.65;324
10/31/2022;2:00 PM;16.09;96.64;0;1.09;165.75;11.74;313.5
10/31/2022;3:00 PM;17.59;91.44;0;;95.1;;300
10/31/2022;4:00 PM;17.82;89.87;0;;119.03;;195
10/31/2022;5:00 PM;17.34;86.37;0;;149.3;;58.5
10/31/2022;6:00 PM;16.24;86.7;0;;153.17;;0
10/31/2022;7:00 PM;16.15;100;0;2.11;137.25;0;0
10/31/2022;8:00 PM;16.51;100;0;3.36;162.58;0;0
10/31/2022;9:00 PM;16.51;99.89;0;2.92;141.03;0;0
10/31/2022;10:00 PM;16.86;99.5;0;3.4;158.45;0;0
10/31/2022;11:00 PM;17.37;98.99;0;3.92;174.55;0;0
11/01/2022;12:00 AM;16.42;100;0.2;3.67;170.59;0;0
11/01/2022;1:00 AM;16.75;100;0;6.01;177.18;0;0
11/01/2022;2:00 AM;17.29;100;0;5.22;193.2;0;0
11/01/2022;3:00 AM;16.28;96.54;0;7.05;215.54;0;0
11/01/2022;4:00 AM;15.09;94.06;0;4.76;208.07;0;0
11/01/2022;5:00 AM;14.31;90.25;0;5.15;227.51;0;0
11/01/2022;6:00 AM;13.25;84.52;0;5.36;213.34;0;3.5
11/01/2022;7:00 AM;12.56;89.6;0;7.38;197.68;0;109
11/01/2022;8:00 AM;11.98;92.04;0;7.1;198.74;2.05;286
11/01/2022;9:00 AM;12.06;92.87;0;6.16;190.03;30.44;435
11/01/2022;10:00 AM;12.23;83.76;0;;214.75;;500
11/01/2022;11:00 AM;13.29;80.82;0;;214.49;;382
11/01/2022;12:00 PM;14.4;78.44;0;;209.91;;267.5
11/01/2022;1:00 PM;15.32;73.35;0;;218.09;;247.5
11/01/2022;2:00 PM;15.92;70.87;0;;219.59;;229
11/01/2022;3:00 PM;15.74;71.45;0;;219.59;;223
11/01/2022;4:00 PM;15.94;80.1;0;5.29;195.66;29.97;163.5
11/01/2022;5:00 PM;15.64;81.16;0;5.9;194.87;5.04;53
11/01/2022;6:00 PM;15.32;84.16;0;5.1;184.4;0.15;0
11/01/2022;7:00 PM;14.72;89.99;0;4.18;204.37;0;0
11/01/2022;8:00 PM;14.17;93.57;0.6;5.16;209.82;0;0
11/01/2022;9:00 PM;12.17;100;2;5.09;202.7;0;0
11/01/2022;10:00 PM;11.36;100;0.2;3.41;172.26;0;0
11/01/2022;11:00 PM;11.82;100;0;3.17;199.71;0;0
11/02/2022;12:00 AM;13.77;100;0;5.39;221.09;0;0
11/02/2022;1:00 AM;13.39;100;0;5.52;205.87;0;0
11/02/2022;2:00 AM;12.7;93.26;0;5.69;219.24;0;0
11/02/2022;3:00 AM;12.38;92.87;0;5.28;212.64;0;0
11/02/2022;4:00 AM;11.91;97.97;0.2;5.54;225.22;0;0
11/02/2022;5:00 AM;11.48;100;0;5.37;232.7;0;0
11/02/2022;6:00 AM;10.98;100;0;3.82;212.82;0;2
11/02/2022;7:00 AM;10.48;100;0;3.34;216.6;0;100.5
11/02/2022;8:00 AM;10.09;100;0;3.69;224.96;1.79;248
11/02/2022;9:00 AM;10.23;100;0;3.75;198.92;21.55;354.5
11/02/2022;10:00 AM;10.75;96.8;0;;249.59;;419.5
11/02/2022;11:00 AM;11.88;91.79;0;;240.18;;386.5
11/02/2022;12:00 PM;12.62;88.17;0;;225.22;;336
11/02/2022;1:00 PM;13.76;82.26;0;;211.32;;364
11/02/2022;2:00 PM;14.17;76.09;0;;227.33;;397
11/02/2022;3:00 PM;14.24;73.54;0;4.61;224.17;12.62;332
11/02/2022;4:00 PM;14.19;76.97;0;3.94;202.96;47.91;191
11/02/2022;5:00 PM;13.46;78.41;0;2.67;197.86;10.9;56
11/02/2022;6:00 PM;12.47;84.94;0;2.59;177.71;0.19;0
11/02/2022;7:00 PM;12.33;87.85;0;3.6;213.61;0;0
11/02/2022;8:00 PM;12.38;88.44;0;3.57;165.4;0;0
11/02/2022;9:00 PM;12.36;90.3;0;4.34;197.33;0;0
11/02/2022;10:00 PM;12.44;89.92;0;4.56;191.09;0;0
11/02/2022;11:00 PM;12.75;88.04;0;4.22;179.73;0;0
11/03/2022;12:00 AM;12.69;89.89;0;3.72;174.46;0;0
11/03/2022;1:00 AM;12.78;93.67;0;5.07;186.51;0;0
11/03/2022;2:00 AM;12.67;97.44;0;4.87;194.87;0;0
11/03/2022;3:00 AM;12.61;99.75;0;4.59;181.41;0;0
11/03/2022;4:00 AM;12.44;100;0;4.3;192.76;0;0
11/03/2022;5:00 AM;12.34;100;0;3.1;174.9;0;0
11/03/2022;6:00 AM;12.47;100;0;3.75;161.52;0;0.5
11/03/2022;7:00 AM;12.6;100;0;4.09;189.5;0;105
11/03/2022;8:00 AM;12.76;100;0;3.64;178.86;1.32;301.5
11/03/2022;9:00 AM;12.63;100;0;4.38;163.73;16.83;468
11/03/2022;10:00 AM;12.61;100;0;3.8;160.47;25.99;591.5
11/03/2022;11:00 AM;12.93;100;0;4.3;166.89;43.57;663
11/03/2022;12:00 PM;13.88;93.46;0;4.32;158.8;54.46;674.5
11/03/2022;1:00 PM;14.56;81.88;0;;184.49;;623
11/03/2022;2:00 PM;14.67;83.35;0;2.97;192.06;9.4;523
11/03/2022;3:00 PM;14.41;93.39;0;3.63;167.07;30.28;388
11/03/2022;4:00 PM;13.35;99.5;0;4.81;148.42;11.95;220.5
11/03/2022;5:00 PM;12.31;100;1;3.38;187.13;1.33;64.5
11/03/2022;6:00 PM;11.89;100;0.6;3.8;199.62;0.09;0
11/03/2022;7:00 PM;12.03;100;0.4;3.35;207.63;0;0
11/03/2022;8:00 PM;11.47;100;1.4;4.54;229.18;0;0
11/03/2022;9:00 PM;10.88;100;0.8;2.5;239.12;0;0
11/03/2022;10:00 PM;10.7;100;0.2;3.68;230.68;0;0
11/03/2022;11:00 PM;10.31;100;0;3.81;220.91;0;0
11/04/2022;12:00 AM;9.52;100;0;3.36;216.6;0;0
11/04/2022;1:00 AM;8.95;100;0;2.08;188.62;0;0
11/04/2022;2:00 AM;8.29;100;0;1.35;182.2;0;0
11/04/2022;3:00 AM;8.59;100;0;1.99;193.46;0;0
11/04/2022;4:00 AM;8.18;100;0;2.03;176.66;0;0
11/04/2022;5:00 AM;8.5;100;0;1.83;167.6;0;0
11/04/2022;6:00 AM;8.87;100;0;1.7;165.66;0;0
11/04/2022;7:00 AM;8.94;100;0;0.52;104.25;0;103
11/04/2022;8:00 AM;9.25;100;0;0.92;283.81;1.98;298
11/04/2022;9:00 AM;9.65;100;0;1.58;178.68;12.92;463.5
11/04/2022;10:00 AM;10.01;100;0;1.48;320.59;28.05;585
11/04/2022;11:00 AM;10.38;100;0;1.81;250.64;24.25;656
11/04/2022;12:00 PM;11.02;100;0;1.88;323.14;38.5;665
11/04/2022;1:00 PM;11.54;99.91;0;2.16;317.51;51.61;615
11/04/2022;2:00 PM;11.26;97.21;0;;93.26;;508.5
11/04/2022;3:00 PM;12.13;92.33;0;2.06;183.87;6.28;363.5
11/04/2022;4:00 PM;11.54;100;0;1.96;327.36;14.37;204.5
11/04/2022;5:00 PM;10.7;100;0.4;1.25;132.85;16.38;60
11/04/2022;6:00 PM;9.43;100;0;1.12;235.25;0.69;0
11/04/2022;7:00 PM;8.09;100;0;1.22;253.29;0;0
11/04/2022;8:00 PM;7.4;100;0;1.47;243.08;0;0
11/04/2022;9:00 PM;7.12;100;0;1.47;246.42;0;0
11/04/2022;10:00 PM;7.83;100;0.2;1.27;275.28;0;0
11/04/2022;11:00 PM;7.39;100;0;1.23;219.33;0;0
11/05/2022;12:00 AM;6.61;100;0.2;1.37;231.82;0;0
